{
    "project": {
        "version": "1.0.0-beta.28.3",
        "name": "reports-poc"
    },
    "apps": [{
        "root": "src",
        "outDir": "dist",
        "assets": [
            "assets",
            "favicon.ico"
        ],
        "index": "index.html",
        "main": "main.ts",
        "polyfills": "polyfills.ts",
        "test": "test.ts",
        "tsconfig": "tsconfig.json",
        "prefix": "app",
        "styles": [
            "styles.css"
        ],
        "scripts": [],
        "environmentSource": "environments/environment.ts",
"environments": {
  "dev": "environments/environment.ts",
  "prod": "environments/environment.prod.ts"
}
    }],
    "e2e": {
        "protractor": {
            "config": "./protractor.conf.js"
        }
    },
    "lint": [{
            "files": "src/**/*.ts",
            "project": "src/tsconfig.json"
        },
        {
            "files": "e2e/**/*.ts",
            "project": "e2e/tsconfig.json"
        }
    ],
    "test": {
        "karma": {
            "config": "./karma.conf.js"
        }
    },
    "defaults": {
        "styleExt": "css",
        "prefixInterfaces": false,
        "inline": {
            "style": false,
            "template": false
        },
        "spec": {
            "class": false,
            "component": true,
            "directive": true,
            "module": false,
            "pipe": true,
            "service": true
        }
    }
}